{
    "test": {
        "balance": 159.60000000000065,
        "last_claimed": 1709734597
    },
    "admin": {
        "balance": 16.99999999999998,
        "last_claimed": 1709734804
    },
    "gg": {
        "balance": 0
    },
    "exchange": {
        "balance": 930392093293021932
    },
    "pp": {
        "balance": 1,
        "last_claimed": 1709737019
    },
    "PythonScratcher": {
        "balance": 0,
        "last_claimed": 1710160194
    },
    "owo": {
        "balance": 6.999999999999992,
        "last_claimed": 1709895946
    }
}